{
  "project_info": {
    "project_number": "569286376071",
    "project_id": "farmermp-4bead",
    "storage_bucket": "farmermp-4bead.firebasestorage.app"
  },
  "client": [
    {
      "client_info": {
        "mobilesdk_app_id": "1:569286376071:android:d7ca30bafeafa6f5dd1622",
        "android_client_info": {
          "package_name": "com.example.fmplace"
        }
      },
      "oauth_client": [],
      "api_key": [
        {
          "current_key": "AIzaSyBeGyzcBo0iIlr02u6gh2sgee1mBzxdujA"
        }
      ],
      "services": {
        "appinvite_service": {
          "other_platform_oauth_client": []
        }
      }
    }
  ],
  "configuration_version": "1"
}